{
  "heatmaps": [
    {
      "k": 3,
      "matrix": [
        [
          0.00016214985847234702,
          0.0002456141984934373,
          0.00025749661107753516,
          0.00026021487690482467,
          0.000258982638860104,
          0.0002561500409894947,
          0.0002521629797757373,
          0.0002489081061072306,
          0.00024831951039168366,
          0.00025047381798915924,
          0.0002533630373077983,
          0.00025526307298044746,
          0.00025589698993038753,
          0.0002531348515074559,
          0.00024187953207942386,
          0.0001602428969936258
        ],
        [
          2.7192096474110506e-05,
          0.00021316150019713232,
          0.0002725638618190917,
          0.0002809823160436556,
          0.000284481164683318,
          0.00028579930929733703,
          0.00028837130975380664,
          0.0002897758326970586,
          0.00028881531063177014,
          0.0002857330326011588,
          0.00028190601996630927,
          0.0002797924652794523,
          0.0002760700077041729,
          0.0002681415158402509,
          0.00021043702518787919,
          2.6942282637205602e-05
        ],
        [
          1.0335978711615797e-05,
          9.168279350564294e-05,
          0.000258116187305256,
          0.0003110576168803506,
          0.00031931619939610655,
          0.00032043640863377363,
          0.0003164650390532845,
          0.00031505509366143783,
          0.000314027020929906,
          0.00031346797945110925,
          0.00031578396246892605,
          0.00031364478714652295,
          0.00030541945000598004,
          0.00025429330198633286,
          9.092353428433021e-05,
          1.0179775894516734e-05
        ],
        [
          7.275244259599852e-06,
          5.001246906712281e-05,
          0.0001586486838760771,
          0.00031001515819309807,
          0.0003506859445612908,
          0.0003557689743419705,
          0.00035803222751630104,
          0.00035245288657387525,
          0.00035102971492322033,
          0.0003539775831963479,
          0.00034998460000998903,
          0.000344182831951221,
          0.0003046481390254124,
          0.00015675530923277517,
          4.95494462497856e-05,
          7.1484441197581035e-06
        ],
        [
          3.6259187656556718e-06,
          3.5589851942863276e-05,
          0.00010499089887126126,
          0.0002215333889201289,
          0.00036669760418154434,
          0.00040276570122538735,
          0.0004037948439317171,
          0.00040416478524069396,
          0.0004022475549307811,
          0.00039870076277316233,
          0.0003957942404413091,
          0.0003599663791607835,
          0.00021824851346073843,
          0.00010379435785765336,
          3.5084028328347946e-05,
          3.544091371449058e-06
        ],
        [
          3.622289217341789e-06,
          2.9468623462860775e-05,
          7.959519150172259e-05,
          0.00017047812351483107,
          0.00029794644275663647,
          0.00043250066163907485,
          0.0004636416786902393,
          0.0004636511206513238,
          0.00046126660868799367,
          0.0004573899769616444,
          0.0004249484845071438,
          0.00029299018955873267,
          0.00016803562685811265,
          7.856088403471997e-05,
          2.8988068595689812e-05,
          3.540543732438597e-06
        ],
        [
          3.622289217341789e-06,
          2.3320687186824324e-05,
          7.14407530418426e-05,
          0.00014655612331426215,
          0.0002492873603128644,
          0.0003848771954144539,
          0.0005161348880028232,
          0.000544810235664069,
          0.0005419373774228029,
          0.0005093962562339347,
          0.0003788244463415385,
          0.00024545625539318416,
          0.00014433310944029338,
          7.024874561551078e-05,
          2.2878247517845674e-05,
          3.540543732438597e-06
        ],
        [
          3.6259187656556718e-06,
          2.334158833267657e-05,
          6.537353269049097e-05,
          0.00013428651380031185,
          0.00023338968604853975,
          0.00035547242039420297,
          0.0004975763316423679,
          0.0006270745626336573,
          0.0006242970649985111,
          0.0004926116938825764,
          0.0003507416424466009,
          0.00022976543295903667,
          0.00013196432430058716,
          6.419147260809729e-05,
          2.2891500050930464e-05,
          3.5416820227722913e-06
        ],
        [
          3.6284267493008367e-06,
          2.3414603186952493e-05,
          6.555795720231354e-05,
          0.00013443304692723978,
          0.00023328908279234502,
          0.0003546903425732837,
          0.0004959536224040642,
          0.0006257373766159635,
          0.0006258531776776236,
          0.000494447649794483,
          0.00035163899053355886,
          0.000229947465005828,
          0.00013187744515953578,
          6.40435641256041e-05,
          2.2829266776532154e-05,
          3.5414661654505956e-06
        ],
        [
          3.6284267493008367e-06,
          2.3414603186952493e-05,
          7.176585617857715e-05,
          0.00014703765694100825,
          0.00024913770846961427,
          0.00038285785856223846,
          0.0005125857746911904,
          0.0005434223183388674,
          0.0005443287637128893,
          0.0005139005028797765,
          0.00038155266892160486,
          0.0002460540726020845,
          0.00014412383626555985,
          7.005224056137675e-05,
          2.2829266776532154e-05,
          3.5414661654505956e-06
        ],
        [
          3.6284267493008367e-06,
          2.965751468763569e-05,
          8.019129020637388e-05,
          0.00017098594272667693,
          0.00029678941619691265,
          0.00042856689884006994,
          0.0004598477567949812,
          0.0004623965565783789,
          0.00046338968273574373,
          0.0004620196014538564,
          0.000429712978492444,
          0.0002947524651227835,
          0.00016785656383287777,
          7.811666690516953e-05,
          2.885629553511617e-05,
          3.5414661654505956e-06
        ],
        [
          3.6284267493008367e-06,
          3.584980044273233e-05,
          0.00010570224967596022,
          0.0002212545849293201,
          0.0003631986596786736,
          0.00039814438169983435,
          0.00040016107013623645,
          0.0004027316692117693,
          0.0004036022051638353,
          0.0004022259234191078,
          0.00040026935742518556,
          0.00036341410958869245,
          0.0002185297764508148,
          0.000103090354974635,
          3.482868568591804e-05,
          3.5414661654505956e-06
        ],
        [
          7.314528530134807e-06,
          5.0569668514179354e-05,
          0.00015920998682539841,
          0.0003076882986631661,
          0.00034671149005846487,
          0.0003518534127025984,
          0.000355167891897376,
          0.00035143370890837705,
          0.00035209414266449063,
          0.000356889016164,
          0.00035390619545013337,
          0.0003481543871047212,
          0.0003070432333594985,
          0.00015630310697270093,
          4.9019871482081404e-05,
          7.113078508392299e-06
        ],
        [
          1.0413695978965162e-05,
          9.253484412597914e-05,
          0.0002569156766845139,
          0.00030786382163848925,
          0.00031562533356343185,
          0.0003172099186991332,
          0.00031427604357041,
          0.0003142729152691943,
          0.0003147849148882904,
          0.0003156434325666176,
          0.00031900797650313644,
          0.00031725867118684715,
          0.0003084958835340617,
          0.00025556266457320536,
          9.015730457930794e-05,
          1.0111058964075676e-05
        ],
        [
          2.7536748679476774e-05,
          0.00021276386343635457,
          0.00027037851935160083,
          0.00027801366047009655,
          0.00028136663996569097,
