{
  "heatmaps": [
    {
      "k": 2,
      "matrix": [
        [
          0.00016205383313599715,
          0.00024479939876982486,
          0.0002562703133221513,
          0.0002588415941587396,
          0.0002577262526703007,
          0.0002551762934597504,
          0.00025155326380626303,
          0.00024869272488161026,
          0.00024853402798568583,
          0.00025108284885898567,
          0.0002543366087757465,
          0.00025651999086623897,
          0.00025727190714763164,
          0.00025436442743062635,
          0.00024269926965462337,
          0.00016034387688040164
        ],
        [
          2.7352027491905276e-05,
          0.00021295461154880585,
          0.000271524080181988,
          0.00027954661960678145,
          0.0002829615107682542,
          0.00028445324469834573,
          0.00028741544703134,
          0.00028941965544585613,
          0.0002891699577021819,
          0.000286687548619064,
          0.0002832514415385808,
          0.0002813126967777974,
          0.00027750818129928433,
          0.0002691865418061627,
          0.00021064990039805915,
          2.6784870421435083e-05
        ],
        [
          1.0372621729826139e-05,
          9.209708813909242e-05,
          0.00025752647082828706,
          0.0003095279510597501,
          0.0003175188918912212,
          0.0003188490916611195,
          0.000315389144843203,
          0.0003146729536229137,
          0.00031440627054466603,
          0.00031454162866195246,
          0.0003173707812696907,
          0.00031544403805267474,
          0.0003069536446929549,
          0.00025488951145813393,
          9.051474052100412e-05,
          1.0144256918909219e-05
        ],
        [
          7.294907785954239e-06,
          5.028969899485533e-05,
          0.00015892135038078636,
          0.00030887557358206483,
          0.0003487362117270893,
          0.000353829146764756,
          0.00035659751235426345,
          0.00035193525938458824,
          0.0003515431240152505,
          0.0003554093869610118,
          0.0003519238729152962,
          0.0003461350690390448,
          0.00030579375099238824,
          0.00015648993562719762,
          4.927650021676386e-05,
          7.1296086566952425e-06
        ],
        [
          3.627246951743973e-06,
          3.571960461636995e-05,
          0.000105354652749967,
          0.00022141850850909884,
          0.0003650041936506428,
          0.000400516918038567,
          0.0004020276371488158,
          0.0004034774404141744,
          0.00040292924947470327,
          0.0004004641782680309,
          0.00039804322686439066,
          0.00036166426399014944,
          0.00021837075258621634,
          0.0001034375636457559,
          3.495777686125369e-05,
          3.5432029725066074e-06
        ],
        [
          3.623616073914488e-06,
          2.9549594053377763e-05,
          7.985763600236245e-05,
          0.00017065762407807075,
          0.00029722647512110006,
          0.00043033793488763826,
          0.0004615440084327538,
          0.00046280466748419875,
          0.00046210603747633345,
          0.0004594838492717635,
          0.0004271127872038163,
          0.00029371620307902746,
          0.00016786436507705576,
          7.830458603826528e-05,
          2.8910103250140398e-05,
          3.539656222784378e-06
        ],
        [
          3.623616073914488e-06,
          2.3356853427505102e-05,
          7.157273788269009e-05,
          0.0001467343470157543,
          0.00024911170988234984,
          0.00038371190519599874,
          0.0005141467996019752,
          0.0005438664122290163,
          0.00054287246279287,
          0.0005113803873942144,
          0.0003799919651663767,
          0.0002456390849323315,
          0.00014416326252723486,
          7.012284184815896e-05,
          2.2844536842228254e-05,
          3.539656222784378e-06
        ],
        [
          3.627246951743973e-06,
          2.3377791915276346e-05,
          6.5459692079701e-05,
          0.00013435355265797316,
          0.00023332339673599623,
          0.00035505764266202173,
          0.0004967082251359059,
          0.0006263571151320668,
          0.0006250032948166538,
          0.0004934748351994823,
          0.00035115922148993065,
          0.00022983986512554764,
          0.00013190583715704993,
          6.411112219546826e-05,
          2.2857791577017402e-05,
          3.5407946123202983e-06
        ],
        [
          3.627371680893652e-06,
          2.337987892032495e-05,
          6.547509748271058e-05,
          0.00013437090680998233,
          0.00023336052251476995,
          0.0003551076187444459,
          0.0004968187525948577,
          0.0006264452318152861,
          0.0006251354714468599,
          0.0004935781227358698,
          0.0003512249573229623,
          0.00022988400008695315,
          0.00013194784341885878,
          6.41321594500538e-05,
          2.2866441687517e-05,
          3.542953393705192e-06
        ],
        [
          3.627371680893652e-06,
          2.337987892032495e-05,
          7.16373034105534e-05,
          0.0001468641588457379,
          0.0002493180788105191,
          0.00038402600011035355,
          0.0005145726950587024,
          0.0005443584882756632,
          0.0005433830718087071,
          0.0005119093001368854,
          0.0003803868134282284,
          0.00024588097665940946,
          0.00014430582548546585,
          7.01869938840445e-05,
          2.2866441687517e-05,
          3.542953393705192e-06
        ],
        [
          3.627371680893652e-06,
          2.95782584284895e-05,
          7.993214781242978e-05,
          0.00017081123751349714,
          0.0002975142606347849,
          0.00043073296662447867,
          0.0004619440234945355,
          0.00046323667249278315,
          0.0004625416818006684,
          0.00045991922905354516,
          0.00042754869087360456,
          0.00029403395419921093,
          0.00016803955061003959,
          7.83820098995927e-05,
          2.893854073320823e-05,
          3.542953393705192e-06
        ],
        [
          3.627371680893652e-06,
          3.572204837686969e-05,
          0.00010534255483714451,
          0.00022137425045993465,
          0.00036489513645828544,
          0.0004003925607415677,
          0.0004019244710403165,
          0.00040341320247915446,
          0.0004029143090498451,
          0.0004004583235192665,
          0.0003980210753578554,
          0.00036172268923892356,
          0.00021841791409509228,
          0.0001034571363685311,
          3.4959846848826776e-05,
          3.542953393705192e-06
        ],
        [
          7.2953608103879e-06,
          5.029482483352239e-05,
          0.0001589420063616097,
          0.00030883223216970933,
          0.00034866272743139834,
          0.0003537921997422915,
          0.0003565996518378729,
          0.00035194709866455534,
          0.00035157645503414007,
          0.0003554544674235974,
          0.0003519669139777034,
          0.00034620608109961595,
          0.0003059058493307111,
          0.00015657834522604541,
          4.9298903731048046e-05,
          7.133042205710933e-06
        ],
        [
          1.0377705647003548e-05,
          9.212378908640638e-05,
          0.0002575099718881954,
          0.0003093959944989262,
          0.00031742318095650927,
          0.0003187960562309366,
          0.00031534932813744254,
          0.0003146519368738162,
          0.0003144026605368422,
          0.0003145675103125228,
          0.00031742093967862767,
          0.0003154625066869271,
          0.00030696857284042274,
          0.000254975222672153,
          9.057384187244677e-05,
          1.0148150630331142e-05
        ],
        [
          2.7378037752807673e-05,
          0.00021297520501982454,
          0.00027142136510596585,
          0.0002794506861204251,
          0.0002828862106839822,
