{
  "heatmaps": [
    {
      "k": 5,
      "matrix": [
        [
          0.0002883326339460251,
          0.0003820470338310653,
          0.00035420570339783375,
          0.00031050708109037656,
          0.0002708800921274583,
          0.0002400288550582238,
          0.0002185323844742967,
          0.00020678192944178025,
          0.00020607580293896579,
          0.00021653965835722382,
          0.00023674353567615912,
          0.0002664938739943367,
          0.00030543384616278527,
          0.00034914607260275036,
          0.00037782078532582375,
          0.000286321296061878
        ],
        [
          8.898546033638365e-05,
          0.00037820791260857517,
          0.00041485520454131634,
          0.0003594101633135574,
          0.0003052282192499611,
          0.0002618960926689946,
          0.0002367575245464375,
          0.00022654035560440785,
          0.00022541022351010804,
          0.00023366784971329412,
          0.00025734016888646444,
          0.00029972659575970773,
          0.00035369147432868955,
          0.0004098196534547783,
          0.00037529764726569224,
          8.879368330180774e-05
        ],
        [
          3.9368460751148186e-05,
          0.00023013565977314537,
          0.00043460624954836947,
          0.0004430933202355493,
          0.000370727596915485,
          0.0002981589025099756,
          0.00024044518697438215,
          0.00021548620477133853,
          0.00021427744530639462,
          0.00023690299110578757,
          0.0002926705892679573,
          0.00036407028047167424,
          0.0004365896738068191,
          0.0004304194084531028,
          0.00022956880927746517,
          3.923244686038256e-05
        ],
        [
          2.8229467754740574e-05,
          0.0001577945236005143,
          0.00034449441299316277,
          0.00048218734116273806,
          0.0004294916764851424,
          0.0003383612701664592,
          0.0002694243265033249,
          0.0002224259806343792,
          0.00022075269593009285,
          0.0002646630123351667,
          0.00033158232301917757,
          0.00042191918034115275,
          0.00047614883142973227,
          0.00034269527022041404,
          0.00015745061641956188,
          2.8103474764298447e-05
        ],
        [
          1.4998068633668289e-05,
          0.0001252056713025964,
          0.00028423086126411906,
          0.0004158361723146679,
          0.0004999100023551057,
          0.0004045847732674342,
          0.00029407401918052866,
          0.00023374618165588704,
          0.00023147918106996727,
          0.0002880613659723158,
          0.00039642016020181777,
          0.000492231920962215,
          0.0004124496527146788,
          0.000283224716133107,
          0.00012475616756328856,
          1.4916459042686598e-05
        ],
        [
          1.4983055551953032e-05,
          0.00010765559004132613,
          0.0002397622285739671,
          0.0003819977650501127,
          0.0004549972255104746,
          0.00046913866674062757,
          0.0003477125305346417,
          0.0002536139777960535,
          0.00025077170568892093,
          0.00034030731179722983,
          0.0004603945635709079,
          0.0004496434711366938,
          0.00037963062534416306,
          0.0002388710510315836,
          0.00010721789856051217,
          1.490152765225348e-05
        ],
        [
          1.4983055551953032e-05,
          8.777022368465151e-05,
          0.0002298031659792304,
          0.0003612109543900819,
          0.0004301050147006589,
          0.0004366734166440974,
          0.0004043486276160186,
          0.00030371172733227906,
          0.0003003107481594743,
          0.00039650741736437824,
          0.00042998609030058725,
          0.0004261754823796714,
          0.0003590793979751849,
          0.0002286881467643404,
          8.734774339347315e-05,
          1.490152765225348e-05
        ],
        [
          1.4998068633668289e-05,
          8.784803542835992e-05,
          0.00021457025465911037,
          0.00034647878013959474,
          0.000428493035170006,
          0.00042028243013470835,
          0.000376902353988843,
          0.0003787789791655026,
          0.0003755979511892868,
          0.0003715071622644988,
          0.0004153710334661539,
          0.00042485317626383214,
          0.00034418955074721894,
          0.0002134345411893,
          8.73994732026897e-05,
          1.490649139260468e-05
        ],
        [
          1.511110305305484e-05,
          8.826762549976087e-05,
          0.0002147926891917091,
          0.0003452167928666871,
          0.00042496783146750856,
          0.0004151943598056099,
          0.00037491698374892947,
          0.000385523757964674,
          0.00038605739695931306,
          0.000373894773595102,
          0.00041235561377914295,
          0.00042165866088232645,
          0.00034264904145392855,
          0.00021324604928458227,
          8.766405804459113e-05,
          1.5021886665298892e-05
        ],
        [
          1.511110305305484e-05,
          8.826762549976087e-05,
          0.00023027828477766076,
          0.00035895800224627645,
          0.00042185555563576483,
          0.0004251595037940033,
          0.00040226250229286655,
          0.0003186172477356175,
          0.0003200453066581711,
          0.00040466277463461564,
          0.00042449316707978346,
          0.0004188969061867466,
          0.000355974819390835,
          0.00022850995099064125,
          8.766405804459113e-05,
          1.5021886665298892e-05
        ],
        [
          1.511110305305484e-05,
          0.00010861416717416005,
          0.00024021621097808902,
          0.00037599262922223087,
          0.0004398826959754481,
          0.0004557682812136211,
          0.00035068221578439746,
          0.0002721172383199455,
          0.00027356944447559347,
          0.00035399523395202124,
          0.00045810164525963965,
          0.0004382700895555399,
          0.0003727922423844963,
          0.00023802417972918524,
          0.00010777194635381391,
          1.5021886665298892e-05
        ],
        [
          1.511110305305484e-05,
          0.00012631978900710266,
          0.0002828157067437356,
          0.0004033738294273322,
          0.0004810650924951408,
          0.00039574566407672923,
          0.0003003351245239324,
          0.0002519637737576537,
          0.0002531899551899894,
          0.00030333823344558605,
          0.0003991036334837432,
          0.000482240976757602,
          0.0004007539197992745,
          0.0002800663143738497,
          0.00012521906040105832,
          1.5021886665298892e-05
        ],
        [
          2.8665704725738537e-05,
          0.00015927079283306524,
          0.0003373242649239777,
          0.00046376235417502123,
          0.00041511090173172564,
          0.0003349161238069738,
          0.00027775780949461327,
          0.00023916395067514568,
          0.00024009432907542855,
          0.0002802260058059285,
          0.00033803022929729335,
          0.00041765391615176354,
          0.0004637947599100287,
          0.00033430373537242256,
          0.0001575832139499798,
          2.8452426585865974e-05
        ],
        [
          4.0028014771703145e-05,
          0.00022916951143686949,
          0.00041997021966075706,
          0.0004268610031775865,
          0.00036149063392330546,
          0.0002984812299282498,
          0.0002491700929090632,
          0.00022984499065186598,
          0.00023055312193510843,
          0.0002510856092114497,
          0.00030112780983064513,
          0.00036412964700691325,
          0.00042838063690199367,
          0.00041901944236330123,
          0.00022659576522173812,
          3.9704430462487546e-05
        ],
        [
          9.045161576166595e-05,
          0.0003685922780199233,
          0.00040045546418898437,
          0.0003475957213924323,
